{"cameraMode":{"drawMode":0,"name":"Shaded","section":"Shading Mode"},"sceneLighting":false,"audioPlay":false,"sceneViewState":{"m_AlwaysRefresh":false,"showFog":true,"showSkybox":true,"showFlares":true,"showImageEffects":true,"showParticleSystems":true,"showVisualEffectGraphs":true,"m_FxEnabled":true},"in2DMode":false,"pivot":{"x":7.436714172363281,"y":24.58462905883789,"z":31.212615966796876},"rotation":{"x":-0.01710798218846321,"y":0.002696605632081628,"z":-0.00005602647070190869,"w":-0.9998635649681091},"size":3.583355188369751,"orthographic":false}