{"cameraMode":{"drawMode":0,"name":"Shaded","section":"Shading Mode"},"sceneLighting":false,"audioPlay":false,"sceneViewState":{"m_AlwaysRefresh":false,"showFog":true,"showSkybox":true,"showFlares":true,"showImageEffects":true,"showParticleSystems":true,"showVisualEffectGraphs":true,"m_FxEnabled":true},"in2DMode":false,"pivot":{"x":-2.5374855995178224,"y":22.195764541625978,"z":-36.07554244995117},"rotation":{"x":-0.08706101030111313,"y":0.05585429444909096,"z":-0.004888019058853388,"w":-0.9946339130401611},"size":0.5504502654075623,"orthographic":false}