{"cameraMode":{"drawMode":0,"name":"Shaded","section":"Shading Mode"},"sceneLighting":false,"audioPlay":false,"sceneViewState":{"m_AlwaysRefresh":false,"showFog":true,"showSkybox":true,"showFlares":true,"showImageEffects":true,"showParticleSystems":true,"showVisualEffectGraphs":true,"m_FxEnabled":true},"in2DMode":false,"pivot":{"x":38.29999923706055,"y":60.14708709716797,"z":-23.463672637939454},"rotation":{"x":-0.36236482858657839,"y":-0.006438485812395811,"z":0.002490255981683731,"w":-0.9320257306098938},"size":13.989801406860352,"orthographic":false}