{"cameraMode":{"drawMode":0,"name":"Shaded","section":"Shading Mode"},"sceneLighting":false,"audioPlay":false,"sceneViewState":{"m_AlwaysRefresh":false,"showFog":true,"showSkybox":true,"showFlares":true,"showImageEffects":true,"showParticleSystems":true,"showVisualEffectGraphs":true,"m_FxEnabled":true},"in2DMode":false,"pivot":{"x":354.49237060546877,"y":96.31244659423828,"z":-96.47815704345703},"rotation":{"x":-0.14647653698921204,"y":0.003897914430126548,"z":-0.0005382157978601754,"w":-0.9892557859420776},"size":636.9782104492188,"orthographic":false}