{"cameraMode":{"drawMode":0,"name":"Shaded","section":"Shading Mode"},"sceneLighting":false,"audioPlay":false,"sceneViewState":{"m_AlwaysRefresh":false,"showFog":true,"showSkybox":false,"showFlares":true,"showImageEffects":true,"showParticleSystems":true,"showVisualEffectGraphs":true,"m_FxEnabled":true},"in2DMode":false,"pivot":{"x":0.13357706367969514,"y":1.6714496612548829,"z":-0.14621153473854066},"rotation":{"x":-0.2219456136226654,"y":-0.000880422827322036,"z":0.00020109940669499338,"w":-0.9750618934631348},"size":3.9401516914367677,"orthographic":false}