{"cameraMode":{"drawMode":0,"name":"Shaded","section":"Shading Mode"},"sceneLighting":false,"audioPlay":false,"sceneViewState":{"m_AlwaysRefresh":false,"showFog":true,"showSkybox":false,"showFlares":true,"showImageEffects":true,"showParticleSystems":true,"showVisualEffectGraphs":true,"m_FxEnabled":true},"in2DMode":false,"pivot":{"x":0.015276789665222168,"y":2.3486862182617189,"z":-1.6635074615478516},"rotation":{"x":-0.18345628678798676,"y":-0.28497588634490969,"z":0.05566640570759773,"w":-0.9391714930534363},"size":3.4929704666137697,"orthographic":true}