{"cameraMode":{"drawMode":0,"name":"Shaded","section":"Shading Mode"},"sceneLighting":false,"audioPlay":false,"sceneViewState":{"m_AlwaysRefresh":false,"showFog":true,"showSkybox":false,"showFlares":true,"showImageEffects":true,"showParticleSystems":true,"showVisualEffectGraphs":true,"m_FxEnabled":true},"in2DMode":false,"pivot":{"x":-6.454063415527344,"y":0.06538820266723633,"z":4.237967491149902},"rotation":{"x":-0.14461113512516023,"y":-0.8500149846076965,"z":0.30259203910827639,"w":-0.40621453523635867},"size":19.57557487487793,"orthographic":true}