{"cameraMode":{"drawMode":0,"name":"Shaded","section":"Shading Mode"},"sceneLighting":true,"audioPlay":false,"sceneViewState":{"m_AlwaysRefresh":false,"showFog":true,"showSkybox":false,"showFlares":true,"showImageEffects":true,"showParticleSystems":true,"showVisualEffectGraphs":true,"m_FxEnabled":false},"in2DMode":false,"pivot":{"x":-0.7145324349403381,"y":-3.806293487548828,"z":-0.6870551705360413},"rotation":{"x":0.7081607580184937,"y":-0.0031774414237588646,"z":0.0031859877053648235,"w":0.7060388922691345},"size":7.3143229484558109,"orthographic":true}