{"cameraMode":{"drawMode":0,"name":"Shaded","section":"Shading Mode"},"sceneLighting":false,"audioPlay":false,"sceneViewState":{"m_AlwaysRefresh":false,"showFog":true,"showSkybox":false,"showFlares":true,"showImageEffects":true,"showParticleSystems":true,"showVisualEffectGraphs":true,"m_FxEnabled":true},"in2DMode":false,"pivot":{"x":-6.091311454772949,"y":1.8448362350463868,"z":0.16718482971191407},"rotation":{"x":-0.021466244012117387,"y":-0.9676143527030945,"z":0.23557047545909882,"w":-0.08819401264190674},"size":4.150913238525391,"orthographic":false}